transaction_id,customer_id,counterparty_id,timestamp,direction,amount,currency,channel,description,pattern,institution_id
TX-0001,CUST-007,CP-018,2026-01-01 12:00:00,CREDIT,2486.53,USD,CARD_PROCESSOR,Restaurant customer receipts,business_receipts,BANK-RIO-SUR
TX-0002,CUST-004,CP-001,2026-01-01 12:00:00,CREDIT,3883.12,USD,BANK_TRANSFER,Software consulting payment,baseline_income,BANK-RIO-SUR
TX-0003,CUST-006,CP-007,2026-01-01 14:00:00,CREDIT,3657.13,USD,BANK_TRANSFER,Regular professional/employment income,baseline_income,BANK-RIO-SUR
TX-0004,CUST-001,CP-002,2026-01-02 20:00:00,CREDIT,4159.57,USD,BANK_TRANSFER,Regular professional/employment income,baseline_income,BANK-RIO-SUR
TX-0005,CUST-003,CP-004,2026-01-03 18:00:00,CREDIT,6204.05,USD,BANK_TRANSFER,Regular professional/employment income,baseline_income,BANK-RIO-SUR
TX-0006,CUST-005,CP-018,2026-01-04 14:00:00,CREDIT,5948.73,USD,CARD_PROCESSOR,Business customer receipts,business_receipts,BANK-RIO-SUR
TX-0007,CUST-012,CP-015,2026-01-05 13:00:00,DEBIT,10946.37,USD,BANK_TRANSFER,Investment activity,legitimate_high_value,BANK-RIO-SUR
TX-0008,CUST-012,CP-014,2026-01-06 14:00:00,CREDIT,6398.92,USD,BANK_TRANSFER,Business-related receipt,complex_business,BANK-RIO-SUR
TX-0009,CUST-004,CP-012,2026-01-07 08:00:00,DEBIT,470.78,USD,BANK_TRANSFER,Professional operating expense,baseline_expense,BANK-RIO-SUR
TX-0010,CUST-005,CP-010,2026-01-07 12:00:00,DEBIT,2394.05,USD,INTERNATIONAL_TRANSFER,Supplier payment for imported goods,legitimate_international,BANK-RIO-SUR
TX-0011,CUST-011,CP-017,2026-01-07 14:00:00,CREDIT,1990.2,USD,BANK_TRANSFER,Creative services payment,incomplete_kyc_income,BANK-RIO-SUR
TX-0012,CUST-008,CP-008,2026-01-07 17:00:00,CREDIT,2850.67,USD,INTERNATIONAL_TRANSFER,Software development client payment,variable_income,BANK-RIO-SUR
TX-0013,CUST-001,CP-002,2026-01-07 19:00:00,DEBIT,88.07,USD,BANK_TRANSFER,Routine household or professional expense,baseline_expense,BANK-RIO-SUR
TX-0014,CUST-005,CP-010,2026-01-08 15:00:00,DEBIT,3968.01,USD,INTERNATIONAL_TRANSFER,Supplier payment for imported goods,legitimate_international,BANK-RIO-SUR
TX-0015,CUST-001,CP-002,2026-01-09 08:00:00,DEBIT,392.18,USD,CARD,Routine household or professional expense,baseline_expense,BANK-RIO-SUR
TX-0016,CUST-005,CP-018,2026-01-11 13:00:00,CREDIT,2245.19,USD,CARD_PROCESSOR,Business customer receipts,business_receipts,BANK-RIO-SUR
TX-0017,CUST-003,CP-004,2026-01-11 17:00:00,DEBIT,477.74,USD,CARD,Routine household or professional expense,baseline_expense,BANK-RIO-SUR
TX-0018,CUST-008,CP-001,2026-01-12 08:00:00,DEBIT,806.04,USD,CARD,Software and living expenses,baseline_expense,BANK-RIO-SUR
TX-0019,CUST-012,CP-015,2026-01-12 13:00:00,CREDIT,5717.73,USD,BANK_TRANSFER,Investment return,legitimate_high_value,BANK-RIO-SUR
TX-0020,CUST-001,CP-002,2026-01-12 19:00:00,DEBIT,443.37,USD,BANK_TRANSFER,Routine household or professional expense,baseline_expense,BANK-RIO-SUR
TX-0021,CUST-004,CP-001,2026-01-12 19:00:00,DEBIT,592.04,USD,BANK_TRANSFER,Professional operating expense,baseline_expense,BANK-RIO-SUR
TX-0022,CUST-012,CP-015,2026-01-12 20:00:00,DEBIT,5673.47,USD,BANK_TRANSFER,Investment activity,legitimate_high_value,BANK-RIO-SUR
TX-0023,CUST-012,CP-014,2026-01-13 18:00:00,CREDIT,11713.2,USD,BANK_TRANSFER,Business-related receipt,complex_business,BANK-RIO-SUR
TX-0024,CUST-009,CP-006,2026-01-14 12:00:00,CREDIT,4262.97,USD,BANK_TRANSFER,Legal services client payment,professional_income,BANK-RIO-SUR
TX-0025,CUST-011,CP-017,2026-01-14 14:00:00,DEBIT,299.94,USD,CARD,Professional or personal expense,baseline_expense,BANK-RIO-SUR
TX-0026,CUST-002,CP-003,2026-01-15 11:00:00,CREDIT,4746.59,USD,BANK_TRANSFER,Regular professional/employment income,baseline_income,BANK-RIO-SUR
TX-0027,CUST-010,CP-018,2026-01-15 13:00:00,CREDIT,2793.14,USD,CARD_PROCESSOR,Retail business receipt,high_volume_business,BANK-RIO-SUR
TX-0028,CUST-009,CP-006,2026-01-16 17:00:00,DEBIT,822.41,USD,BANK_TRANSFER,Professional expense,baseline_expense,BANK-RIO-SUR
TX-0029,CUST-009,CP-006,2026-01-18 09:00:00,DEBIT,485.13,USD,BANK_TRANSFER,Professional expense,baseline_expense,BANK-RIO-SUR
TX-0030,CUST-012,CP-015,2026-01-18 13:00:00,CREDIT,2170.88,USD,BANK_TRANSFER,Investment return,legitimate_high_value,BANK-RIO-SUR
TX-0031,CUST-010,CP-016,2026-01-18 15:00:00,DEBIT,969.04,USD,BANK_TRANSFER,Retail supplier payment,high_volume_business,BANK-RIO-SUR
TX-0032,CUST-005,CP-010,2026-01-18 16:00:00,DEBIT,3584.89,USD,INTERNATIONAL_TRANSFER,Supplier payment for imported goods,legitimate_international,BANK-RIO-SUR
TX-0033,CUST-004,CP-001,2026-01-18 18:00:00,DEBIT,683.82,USD,BANK_TRANSFER,Professional operating expense,baseline_expense,BANK-RIO-SUR
TX-0034,CUST-003,CP-004,2026-01-19 08:00:00,DEBIT,348.3,USD,BANK_TRANSFER,Routine household or professional expense,baseline_expense,BANK-RIO-SUR
TX-0035,CUST-003,CP-004,2026-01-19 16:00:00,DEBIT,96.3,USD,BANK_TRANSFER,Routine household or professional expense,baseline_expense,BANK-RIO-SUR
TX-0036,CUST-006,CP-007,2026-01-19 18:00:00,DEBIT,523.5,USD,BANK_TRANSFER,Routine household or professional expense,baseline_expense,BANK-RIO-SUR
TX-0037,CUST-006,CP-007,2026-01-20 10:00:00,DEBIT,115.86,USD,BANK_TRANSFER,Routine household or professional expense,baseline_expense,BANK-RIO-SUR
TX-0038,CUST-008,CP-008,2026-01-20 10:00:00,DEBIT,584.83,USD,CARD,Software and living expenses,baseline_expense,BANK-RIO-SUR
TX-0039,CUST-007,CP-013,2026-01-20 15:00:00,DEBIT,1534.69,USD,BANK_TRANSFER,Supplier payment,business_expense,BANK-RIO-SUR
TX-0040,CUST-010,CP-016,2026-01-21 14:00:00,DEBIT,399.63,USD,BANK_TRANSFER,Retail supplier payment,high_volume_business,BANK-RIO-SUR
TX-0041,CUST-003,CP-004,2026-01-21 14:00:00,DEBIT,66.89,USD,BANK_TRANSFER,Routine household or professional expense,baseline_expense,BANK-RIO-SUR
TX-0042,CUST-009,CP-006,2026-01-22 09:00:00,DEBIT,938.87,USD,BANK_TRANSFER,Professional expense,baseline_expense,BANK-RIO-SUR
TX-0043,CUST-004,CP-001,2026-01-22 12:00:00,DEBIT,703.08,USD,BANK_TRANSFER,Professional operating expense,baseline_expense,BANK-RIO-SUR
TX-0044,CUST-002,CP-003,2026-01-22 19:00:00,DEBIT,398.87,USD,CARD,Routine household or professional expense,baseline_expense,BANK-RIO-SUR
TX-0045,CUST-005,CP-010,2026-01-23 12:00:00,DEBIT,4736.47,USD,INTERNATIONAL_TRANSFER,Supplier payment for imported goods,legitimate_international,BANK-RIO-SUR
TX-0046,CUST-010,CP-018,2026-01-23 14:00:00,CREDIT,3421.53,USD,CASH_DEPOSIT,Retail business receipt,high_volume_business,BANK-RIO-SUR
TX-0047,CUST-011,CP-017,2026-01-24 11:00:00,DEBIT,263.96,USD,CARD,Professional or personal expense,baseline_expense,BANK-RIO-SUR
TX-0048,CUST-001,CP-002,2026-01-24 11:00:00,DEBIT,561.74,USD,CARD,Routine household or professional expense,baseline_expense,BANK-RIO-SUR
TX-0049,CUST-001,CP-002,2026-01-24 14:00:00,DEBIT,209.56,USD,BANK_TRANSFER,Routine household or professional expense,baseline_expense,BANK-RIO-SUR
TX-0050,CUST-008,CP-001,2026-01-24 20:00:00,DEBIT,646.03,USD,CARD,Software and living expenses,baseline_expense,BANK-RIO-SUR
TX-0051,CUST-001,CP-002,2026-01-25 13:00:00,CREDIT,3701.34,USD,BANK_TRANSFER,Regular professional/employment income,baseline_income,BANK-RIO-SUR
TX-0052,CUST-009,CP-012,2026-01-25 13:00:00,CREDIT,5679.32,USD,BANK_TRANSFER,Legal services client payment,professional_income,BANK-RIO-SUR
TX-0053,CUST-007,CP-013,2026-01-26 15:00:00,DEBIT,2112.87,USD,BANK_TRANSFER,Supplier payment,business_expense,BANK-RIO-SUR
TX-0054,CUST-007,CP-013,2026-01-26 16:00:00,DEBIT,1957.53,USD,BANK_TRANSFER,Supplier payment,business_expense,BANK-RIO-SUR
TX-0055,CUST-009,CP-012,2026-01-26 20:00:00,DEBIT,131.85,USD,BANK_TRANSFER,Professional expense,baseline_expense,BANK-RIO-SUR
TX-0056,CUST-006,CP-007,2026-01-26 20:00:00,DEBIT,615.03,USD,BANK_TRANSFER,Routine household or professional expense,baseline_expense,BANK-RIO-SUR
TX-0057,CUST-001,CP-002,2026-01-27 18:00:00,DEBIT,448.81,USD,CARD,Routine household or professional expense,baseline_expense,BANK-RIO-SUR
TX-0058,CUST-005,CP-018,2026-01-27 19:00:00,CREDIT,4130.51,USD,CARD_PROCESSOR,Business customer receipts,business_receipts,BANK-RIO-SUR
TX-0059,CUST-011,CP-017,2026-01-27 19:00:00,DEBIT,597.07,USD,CARD,Professional or personal expense,baseline_expense,BANK-RIO-SUR
TX-0060,CUST-012,CP-015,2026-01-27 20:00:00,DEBIT,7454.74,USD,BANK_TRANSFER,Investment activity,legitimate_high_value,BANK-RIO-SUR
TX-0061,CUST-010,CP-016,2026-01-28 11:00:00,DEBIT,1381.64,USD,BANK_TRANSFER,Retail supplier payment,high_volume_business,BANK-RIO-SUR
TX-0062,CUST-005,CP-010,2026-01-28 17:00:00,DEBIT,1330.4,USD,INTERNATIONAL_TRANSFER,Supplier payment for imported goods,legitimate_international,BANK-RIO-SUR
TX-0063,CUST-002,CP-003,2026-01-28 18:00:00,DEBIT,44.39,USD,CARD,Routine household or professional expense,baseline_expense,BANK-RIO-SUR
TX-0064,CUST-008,CP-008,2026-01-28 18:00:00,CREDIT,2812.19,USD,INTERNATIONAL_TRANSFER,Software development client payment,variable_income,BANK-RIO-SUR
TX-0065,CUST-002,CP-003,2026-01-29 13:00:00,DEBIT,81.11,USD,CARD,Routine household or professional expense,baseline_expense,BANK-RIO-SUR
TX-0066,CUST-008,CP-008,2026-01-30 09:00:00,DEBIT,161.47,USD,CARD,Software and living expenses,baseline_expense,BANK-RIO-SUR
TX-0067,CUST-003,CP-004,2026-01-30 09:00:00,DEBIT,428.64,USD,BANK_TRANSFER,Routine household or professional expense,baseline_expense,BANK-RIO-SUR
TX-0068,CUST-008,CP-008,2026-01-30 10:00:00,DEBIT,129.65,USD,CARD,Software and living expenses,baseline_expense,BANK-RIO-SUR
TX-0069,CUST-008,CP-001,2026-01-30 15:00:00,DEBIT,873.93,USD,CARD,Software and living expenses,baseline_expense,BANK-RIO-SUR
TX-0070,CUST-010,CP-016,2026-01-30 16:00:00,DEBIT,1126.98,USD,BANK_TRANSFER,Retail supplier payment,high_volume_business,BANK-RIO-SUR
TX-0071,CUST-006,CP-007,2026-01-30 16:00:00,DEBIT,89.07,USD,CARD,Routine household or professional expense,baseline_expense,BANK-RIO-SUR
TX-0072,CUST-002,CP-003,2026-01-31 11:00:00,DEBIT,83.22,USD,CARD,Routine household or professional expense,baseline_expense,BANK-RIO-SUR
TX-0073,CUST-005,CP-010,2026-01-31 20:00:00,DEBIT,3105.09,USD,INTERNATIONAL_TRANSFER,Supplier payment for imported goods,legitimate_international,BANK-RIO-SUR
TX-0074,CUST-009,CP-012,2026-02-01 14:00:00,DEBIT,1113.69,USD,BANK_TRANSFER,Professional expense,baseline_expense,BANK-RIO-SUR
TX-0075,CUST-008,CP-001,2026-02-01 15:00:00,CREDIT,3749.91,USD,INTERNATIONAL_TRANSFER,Software development client payment,variable_income,BANK-RIO-SUR
TX-0076,CUST-004,CP-001,2026-02-01 19:00:00,CREDIT,3275.33,USD,BANK_TRANSFER,Software consulting payment,baseline_income,BANK-RIO-SUR
TX-0077,CUST-012,CP-014,2026-02-01 20:00:00,CREDIT,3679.88,USD,BANK_TRANSFER,Business-related receipt,complex_business,BANK-RIO-SUR
TX-0078,CUST-002,CP-003,2026-02-02 10:00:00,DEBIT,448.08,USD,CARD,Routine household or professional expense,baseline_expense,BANK-RIO-SUR
TX-0079,CUST-004,CP-001,2026-02-02 11:00:00,DEBIT,442.35,USD,BANK_TRANSFER,Professional operating expense,baseline_expense,BANK-RIO-SUR
TX-0080,CUST-007,CP-018,2026-02-02 16:00:00,CREDIT,3546.35,USD,CARD_PROCESSOR,Restaurant customer receipts,business_receipts,BANK-RIO-SUR
TX-0081,CUST-009,CP-006,2026-02-03 16:00:00,DEBIT,299.55,USD,BANK_TRANSFER,Professional expense,baseline_expense,BANK-RIO-SUR
TX-0082,CUST-003,CP-004,2026-02-03 18:00:00,CREDIT,6813.6,USD,BANK_TRANSFER,Regular professional/employment income,baseline_income,BANK-RIO-SUR
TX-0083,CUST-012,CP-015,2026-02-04 09:00:00,CREDIT,7117.81,USD,BANK_TRANSFER,Investment return,legitimate_high_value,BANK-RIO-SUR
TX-0084,CUST-007,CP-013,2026-02-04 09:00:00,DEBIT,2195.11,USD,BANK_TRANSFER,Supplier payment,business_expense,BANK-RIO-SUR
TX-0085,CUST-003,CP-004,2026-02-04 12:00:00,DEBIT,382.15,USD,CARD,Routine household or professional expense,baseline_expense,BANK-RIO-SUR
TX-0086,CUST-007,CP-005,2026-02-06 14:00:00,DEBIT,1124.55,USD,BANK_TRANSFER,Supplier payment,business_expense,BANK-RIO-SUR
TX-0087,CUST-010,CP-018,2026-02-07 12:00:00,CREDIT,2218.26,USD,CASH_DEPOSIT,Retail business receipt,high_volume_business,BANK-RIO-SUR
TX-0088,CUST-011,CP-017,2026-02-07 14:00:00,CREDIT,3448.97,USD,BANK_TRANSFER,Creative services payment,incomplete_kyc_income,BANK-RIO-SUR
TX-0089,CUST-007,CP-005,2026-02-07 14:00:00,DEBIT,1142.99,USD,BANK_TRANSFER,Supplier payment,business_expense,BANK-RIO-SUR
TX-0090,CUST-006,CP-007,2026-02-08 12:00:00,DEBIT,488.07,USD,BANK_TRANSFER,Routine household or professional expense,baseline_expense,BANK-RIO-SUR
TX-0091,CUST-010,CP-016,2026-02-08 15:00:00,DEBIT,2117.56,USD,BANK_TRANSFER,Retail supplier payment,high_volume_business,BANK-RIO-SUR
TX-0092,CUST-005,CP-018,2026-02-09 14:00:00,CREDIT,3392.27,USD,CARD_PROCESSOR,Business customer receipts,business_receipts,BANK-RIO-SUR
TX-0093,CUST-006,CP-007,2026-02-10 11:00:00,CREDIT,3673.06,USD,BANK_TRANSFER,Regular professional/employment income,baseline_income,BANK-RIO-SUR
TX-0094,CUST-001,CP-002,2026-02-10 19:00:00,DEBIT,365.83,USD,CARD,Routine household or professional expense,baseline_expense,BANK-RIO-SUR
TX-0095,CUST-011,CP-017,2026-02-11 11:00:00,DEBIT,84.51,USD,CARD,Professional or personal expense,baseline_expense,BANK-RIO-SUR
TX-0096,CUST-011,CP-017,2026-02-11 12:00:00,DEBIT,505.49,USD,CARD,Professional or personal expense,baseline_expense,BANK-RIO-SUR
TX-0097,CUST-002,CP-003,2026-02-11 16:00:00,CREDIT,5432.29,USD,BANK_TRANSFER,Regular professional/employment income,baseline_income,BANK-RIO-SUR
TX-0098,CUST-010,CP-016,2026-02-13 09:00:00,DEBIT,451.83,USD,BANK_TRANSFER,Retail supplier payment,high_volume_business,BANK-RIO-SUR
TX-0099,CUST-004,CP-012,2026-02-13 18:00:00,DEBIT,812.53,USD,BANK_TRANSFER,Professional operating expense,baseline_expense,BANK-RIO-SUR
TX-0100,CUST-010,CP-018,2026-02-13 20:00:00,CREDIT,4927.78,USD,CARD_PROCESSOR,Retail business receipt,high_volume_business,BANK-RIO-SUR
TX-0101,CUST-006,CP-007,2026-02-14 16:00:00,DEBIT,649.74,USD,BANK_TRANSFER,Routine household or professional expense,baseline_expense,BANK-RIO-SUR
TX-0102,CUST-004,CP-012,2026-02-14 17:00:00,DEBIT,722.93,USD,BANK_TRANSFER,Professional operating expense,baseline_expense,BANK-RIO-SUR
TX-0103,CUST-002,CP-003,2026-02-15 16:00:00,DEBIT,188.23,USD,BANK_TRANSFER,Routine household or professional expense,baseline_expense,BANK-RIO-SUR
TX-0104,CUST-005,CP-010,2026-02-15 19:00:00,DEBIT,3497.58,USD,INTERNATIONAL_TRANSFER,Supplier payment for imported goods,legitimate_international,BANK-RIO-SUR
TX-0105,CUST-010,CP-016,2026-02-15 20:00:00,DEBIT,326.33,USD,BANK_TRANSFER,Retail supplier payment,high_volume_business,BANK-RIO-SUR
TX-0106,CUST-004,CP-001,2026-02-18 12:00:00,DEBIT,657.74,USD,BANK_TRANSFER,Professional operating expense,baseline_expense,BANK-RIO-SUR
TX-0107,CUST-007,CP-018,2026-02-18 17:00:00,CREDIT,2337.97,USD,CARD_PROCESSOR,Restaurant customer receipts,business_receipts,BANK-RIO-SUR
TX-0108,CUST-007,CP-005,2026-02-18 19:00:00,DEBIT,916.31,USD,BANK_TRANSFER,Supplier payment,business_expense,BANK-RIO-SUR
TX-0109,CUST-005,CP-010,2026-02-20 09:00:00,DEBIT,3225.37,USD,INTERNATIONAL_TRANSFER,Supplier payment for imported goods,legitimate_international,BANK-RIO-SUR
TX-0110,CUST-010,CP-016,2026-02-20 10:00:00,DEBIT,2182.42,USD,BANK_TRANSFER,Retail supplier payment,high_volume_business,BANK-RIO-SUR
TX-0111,CUST-004,CP-001,2026-02-20 10:00:00,CREDIT,3875.1,USD,BANK_TRANSFER,Software consulting payment,baseline_income,BANK-RIO-SUR
TX-0112,CUST-002,CP-003,2026-02-20 10:00:00,DEBIT,156.15,USD,CARD,Routine household or professional expense,baseline_expense,BANK-RIO-SUR
TX-0113,CUST-006,CP-007,2026-02-20 14:00:00,DEBIT,505.5,USD,CARD,Routine household or professional expense,baseline_expense,BANK-RIO-SUR
TX-0114,CUST-012,CP-015,2026-02-21 08:00:00,DEBIT,6459.16,USD,BANK_TRANSFER,Investment activity,legitimate_high_value,BANK-RIO-SUR
TX-0115,CUST-003,CP-004,2026-02-22 18:00:00,DEBIT,616.48,USD,CARD,Routine household or professional expense,baseline_expense,BANK-RIO-SUR
TX-0116,CUST-006,CP-007,2026-02-23 18:00:00,DEBIT,356.57,USD,BANK_TRANSFER,Routine household or professional expense,baseline_expense,BANK-RIO-SUR
TX-0117,CUST-006,CP-007,2026-02-24 12:00:00,DEBIT,150.71,USD,BANK_TRANSFER,Routine household or professional expense,baseline_expense,BANK-RIO-SUR
TX-0118,CUST-003,CP-004,2026-02-24 16:00:00,DEBIT,549.1,USD,CARD,Routine household or professional expense,baseline_expense,BANK-RIO-SUR
TX-0119,CUST-002,CP-003,2026-02-24 16:00:00,DEBIT,256.12,USD,BANK_TRANSFER,Routine household or professional expense,baseline_expense,BANK-RIO-SUR
TX-0120,CUST-004,CP-012,2026-02-24 16:00:00,DEBIT,674.36,USD,BANK_TRANSFER,Professional operating expense,baseline_expense,BANK-RIO-SUR
TX-0121,CUST-009,CP-012,2026-02-25 14:00:00,CREDIT,1568.8,USD,BANK_TRANSFER,Legal services client payment,professional_income,BANK-RIO-SUR
TX-0122,CUST-001,CP-002,2026-02-25 20:00:00,DEBIT,321.98,USD,BANK_TRANSFER,Routine household or professional expense,baseline_expense,BANK-RIO-SUR
TX-0123,CUST-001,CP-002,2026-02-26 15:00:00,DEBIT,457.61,USD,CARD,Routine household or professional expense,baseline_expense,BANK-RIO-SUR
TX-0124,CUST-001,CP-002,2026-02-27 10:00:00,DEBIT,541.3,USD,BANK_TRANSFER,Routine household or professional expense,baseline_expense,BANK-RIO-SUR
TX-0125,CUST-008,CP-001,2026-02-27 18:00:00,DEBIT,725.17,USD,CARD,Software and living expenses,baseline_expense,BANK-RIO-SUR
TX-0126,CUST-006,CP-007,2026-02-27 18:00:00,DEBIT,631.12,USD,BANK_TRANSFER,Routine household or professional expense,baseline_expense,BANK-RIO-SUR
TX-0127,CUST-006,CP-007,2026-03-01 12:00:00,DEBIT,448.78,USD,CARD,Routine household or professional expense,baseline_expense,BANK-RIO-SUR
TX-0128,CUST-006,CP-007,2026-03-01 12:00:00,CREDIT,3926.68,USD,BANK_TRANSFER,Regular professional/employment income,baseline_income,BANK-RIO-SUR
TX-0129,CUST-008,CP-001,2026-03-01 15:00:00,DEBIT,725.32,USD,CARD,Software and living expenses,baseline_expense,BANK-RIO-SUR
TX-0130,CUST-001,CP-002,2026-03-01 16:00:00,CREDIT,3623.48,USD,BANK_TRANSFER,Regular professional/employment income,baseline_income,BANK-RIO-SUR
TX-0131,CUST-010,CP-018,2026-03-02 09:00:00,CREDIT,2391.98,USD,CASH_DEPOSIT,Retail business receipt,high_volume_business,BANK-RIO-SUR
TX-0132,CUST-008,CP-001,2026-03-02 16:00:00,DEBIT,760.45,USD,CARD,Software and living expenses,baseline_expense,BANK-RIO-SUR
TX-0133,CUST-004,CP-001,2026-03-02 18:00:00,DEBIT,305.95,USD,BANK_TRANSFER,Professional operating expense,baseline_expense,BANK-RIO-SUR
TX-0134,CUST-007,CP-013,2026-03-03 17:00:00,DEBIT,981.08,USD,BANK_TRANSFER,Supplier payment,business_expense,BANK-RIO-SUR
TX-0135,CUST-012,CP-014,2026-03-03 19:00:00,CREDIT,4416.41,USD,BANK_TRANSFER,Business-related receipt,complex_business,BANK-RIO-SUR
TX-0136,CUST-003,CP-004,2026-03-04 13:00:00,DEBIT,117.74,USD,BANK_TRANSFER,Routine household or professional expense,baseline_expense,BANK-RIO-SUR
TX-0137,CUST-004,CP-012,2026-03-04 15:00:00,DEBIT,275.87,USD,BANK_TRANSFER,Professional operating expense,baseline_expense,BANK-RIO-SUR
TX-0138,CUST-011,CP-017,2026-03-06 08:00:00,DEBIT,545.66,USD,CARD,Professional or personal expense,baseline_expense,BANK-RIO-SUR
TX-0139,CUST-012,CP-015,2026-03-06 08:00:00,CREDIT,4488.15,USD,BANK_TRANSFER,Investment return,legitimate_high_value,BANK-RIO-SUR
TX-0140,CUST-008,CP-001,2026-03-07 15:00:00,CREDIT,4396.13,USD,INTERNATIONAL_TRANSFER,Software development client payment,variable_income,BANK-RIO-SUR
TX-0141,CUST-003,CP-004,2026-03-09 10:00:00,DEBIT,588.38,USD,CARD,Routine household or professional expense,baseline_expense,BANK-RIO-SUR
TX-0142,CUST-003,CP-004,2026-03-09 14:00:00,CREDIT,6123.1,USD,BANK_TRANSFER,Regular professional/employment income,baseline_income,BANK-RIO-SUR
TX-0143,CUST-002,CP-003,2026-03-09 16:00:00,DEBIT,566.94,USD,CARD,Routine household or professional expense,baseline_expense,BANK-RIO-SUR
TX-0144,CUST-008,CP-008,2026-03-09 16:00:00,DEBIT,714.98,USD,CARD,Software and living expenses,baseline_expense,BANK-RIO-SUR
TX-0145,CUST-001,CP-002,2026-03-09 20:00:00,DEBIT,597.01,USD,BANK_TRANSFER,Routine household or professional expense,baseline_expense,BANK-RIO-SUR
TX-0146,CUST-005,CP-018,2026-03-11 17:00:00,CREDIT,3629.41,USD,CARD_PROCESSOR,Business customer receipts,business_receipts,BANK-RIO-SUR
TX-0147,CUST-001,CP-002,2026-03-12 11:00:00,DEBIT,439.82,USD,BANK_TRANSFER,Routine household or professional expense,baseline_expense,BANK-RIO-SUR
TX-0148,CUST-010,CP-016,2026-03-12 17:00:00,DEBIT,1047.1,USD,BANK_TRANSFER,Retail supplier payment,high_volume_business,BANK-RIO-SUR
TX-0149,CUST-007,CP-005,2026-03-12 20:00:00,DEBIT,763.98,USD,BANK_TRANSFER,Supplier payment,business_expense,BANK-RIO-SUR
TX-0150,CUST-001,CP-002,2026-03-13 10:00:00,DEBIT,127.15,USD,CARD,Routine household or professional expense,baseline_expense,BANK-RIO-SUR
TX-0151,CUST-011,CP-017,2026-03-14 09:00:00,CREDIT,2214.97,USD,BANK_TRANSFER,Creative services payment,incomplete_kyc_income,BANK-RIO-SUR
TX-0152,CUST-003,CP-004,2026-03-14 10:00:00,DEBIT,446.83,USD,BANK_TRANSFER,Routine household or professional expense,baseline_expense,BANK-RIO-SUR
TX-0153,CUST-011,CP-017,2026-03-14 20:00:00,DEBIT,639.75,USD,CARD,Professional or personal expense,baseline_expense,BANK-RIO-SUR
TX-0154,CUST-004,CP-012,2026-03-15 11:00:00,DEBIT,769.77,USD,BANK_TRANSFER,Professional operating expense,baseline_expense,BANK-RIO-SUR
TX-0155,CUST-012,CP-015,2026-03-15 13:00:00,DEBIT,9268.14,USD,BANK_TRANSFER,Investment activity,legitimate_high_value,BANK-RIO-SUR
TX-0156,CUST-006,CP-007,2026-03-16 08:00:00,DEBIT,291.1,USD,BANK_TRANSFER,Routine household or professional expense,baseline_expense,BANK-RIO-SUR
TX-0157,CUST-007,CP-018,2026-03-16 16:00:00,CREDIT,3350.53,USD,CARD_PROCESSOR,Restaurant customer receipts,business_receipts,BANK-RIO-SUR
TX-0158,CUST-012,CP-014,2026-03-17 11:00:00,CREDIT,9570.79,USD,BANK_TRANSFER,Business-related receipt,complex_business,BANK-RIO-SUR
TX-0159,CUST-004,CP-001,2026-03-17 16:00:00,CREDIT,3407.56,USD,BANK_TRANSFER,Software consulting payment,baseline_income,BANK-RIO-SUR
TX-0160,CUST-008,CP-008,2026-03-17 19:00:00,DEBIT,783.89,USD,CARD,Software and living expenses,baseline_expense,BANK-RIO-SUR
TX-0161,CUST-004,CP-012,2026-03-18 16:00:00,DEBIT,620.46,USD,BANK_TRANSFER,Professional operating expense,baseline_expense,BANK-RIO-SUR
TX-0162,CUST-007,CP-005,2026-03-18 17:00:00,DEBIT,632.63,USD,BANK_TRANSFER,Supplier payment,business_expense,BANK-RIO-SUR
TX-0163,CUST-002,CP-003,2026-03-18 18:00:00,DEBIT,76.97,USD,BANK_TRANSFER,Routine household or professional expense,baseline_expense,BANK-RIO-SUR
TX-0164,CUST-008,CP-001,2026-03-19 15:00:00,DEBIT,522.98,USD,CARD,Software and living expenses,baseline_expense,BANK-RIO-SUR
TX-0165,CUST-005,CP-010,2026-03-19 18:00:00,DEBIT,2344.22,USD,INTERNATIONAL_TRANSFER,Supplier payment for imported goods,legitimate_international,BANK-RIO-SUR
TX-0166,CUST-010,CP-016,2026-03-19 20:00:00,DEBIT,1573.85,USD,BANK_TRANSFER,Retail supplier payment,high_volume_business,BANK-RIO-SUR
TX-0167,CUST-002,CP-003,2026-03-20 11:00:00,CREDIT,4938.6,USD,BANK_TRANSFER,Regular professional/employment income,baseline_income,BANK-RIO-SUR
TX-0168,CUST-006,CP-007,2026-03-20 17:00:00,DEBIT,444.18,USD,BANK_TRANSFER,Routine household or professional expense,baseline_expense,BANK-RIO-SUR
TX-0169,CUST-004,CP-001,2026-03-21 11:00:00,DEBIT,411.15,USD,BANK_TRANSFER,Professional operating expense,baseline_expense,BANK-RIO-SUR
TX-0170,CUST-002,CP-003,2026-03-21 14:00:00,DEBIT,367.13,USD,CARD,Routine household or professional expense,baseline_expense,BANK-RIO-SUR
TX-0171,CUST-004,CP-012,2026-03-21 18:00:00,DEBIT,411.83,USD,BANK_TRANSFER,Professional operating expense,baseline_expense,BANK-RIO-SUR
TX-0172,CUST-010,CP-018,2026-03-21 19:00:00,CREDIT,4135.83,USD,CASH_DEPOSIT,Retail business receipt,high_volume_business,BANK-RIO-SUR
TX-0173,CUST-011,CP-017,2026-03-21 20:00:00,DEBIT,223.79,USD,CARD,Professional or personal expense,baseline_expense,BANK-RIO-SUR
TX-0174,CUST-003,CP-004,2026-03-22 11:00:00,DEBIT,634.04,USD,CARD,Routine household or professional expense,baseline_expense,BANK-RIO-SUR
TX-0175,CUST-012,CP-015,2026-03-22 12:00:00,CREDIT,3833.72,USD,BANK_TRANSFER,Investment return,legitimate_high_value,BANK-RIO-SUR
TX-0176,CUST-003,CP-004,2026-03-22 12:00:00,DEBIT,567.41,USD,CARD,Routine household or professional expense,baseline_expense,BANK-RIO-SUR
TX-0177,CUST-004,CP-012,2026-03-22 18:00:00,DEBIT,392.11,USD,BANK_TRANSFER,Professional operating expense,baseline_expense,BANK-RIO-SUR
TX-0178,CUST-007,CP-013,2026-03-23 19:00:00,DEBIT,1477.45,USD,BANK_TRANSFER,Supplier payment,business_expense,BANK-RIO-SUR
TX-0179,CUST-005,CP-010,2026-03-24 11:00:00,DEBIT,2114.07,USD,INTERNATIONAL_TRANSFER,Supplier payment for imported goods,legitimate_international,BANK-RIO-SUR
TX-0180,CUST-005,CP-018,2026-03-25 10:00:00,CREDIT,3440.85,USD,CARD_PROCESSOR,Business customer receipts,business_receipts,BANK-RIO-SUR
TX-0181,CUST-012,CP-015,2026-03-26 12:00:00,DEBIT,2750.41,USD,BANK_TRANSFER,Investment activity,legitimate_high_value,BANK-RIO-SUR
TX-0182,CUST-004,CP-001,2026-03-26 17:00:00,CREDIT,4485.1,USD,BANK_TRANSFER,Software consulting payment,baseline_income,BANK-RIO-SUR
TX-0183,CUST-009,CP-006,2026-03-26 18:00:00,DEBIT,920.72,USD,BANK_TRANSFER,Professional expense,baseline_expense,BANK-RIO-SUR
TX-0184,CUST-004,CP-012,2026-03-27 09:00:00,DEBIT,104.42,USD,BANK_TRANSFER,Professional operating expense,baseline_expense,BANK-RIO-SUR
TX-0185,CUST-012,CP-014,2026-03-27 10:00:00,CREDIT,6678.08,USD,BANK_TRANSFER,Business-related receipt,complex_business,BANK-RIO-SUR
TX-0186,CUST-007,CP-013,2026-03-27 16:00:00,DEBIT,2034.38,USD,BANK_TRANSFER,Supplier payment,business_expense,BANK-RIO-SUR
TX-0187,CUST-010,CP-016,2026-03-27 20:00:00,DEBIT,892.9,USD,BANK_TRANSFER,Retail supplier payment,high_volume_business,BANK-RIO-SUR
TX-0188,CUST-001,CP-002,2026-03-28 09:00:00,DEBIT,494.44,USD,BANK_TRANSFER,Routine household or professional expense,baseline_expense,BANK-RIO-SUR
TX-0189,CUST-010,CP-016,2026-03-28 11:00:00,DEBIT,804.09,USD,BANK_TRANSFER,Retail supplier payment,high_volume_business,BANK-RIO-SUR
TX-0190,CUST-008,CP-001,2026-03-28 20:00:00,CREDIT,3742.55,USD,INTERNATIONAL_TRANSFER,Software development client payment,variable_income,BANK-RIO-SUR
TX-0191,CUST-001,CP-002,2026-03-30 17:00:00,DEBIT,587.67,USD,BANK_TRANSFER,Routine household or professional expense,baseline_expense,BANK-RIO-SUR
TX-0192,CUST-003,CP-004,2026-03-31 09:00:00,DEBIT,55.12,USD,BANK_TRANSFER,Routine household or professional expense,baseline_expense,BANK-RIO-SUR
TX-0193,CUST-010,CP-018,2026-03-31 13:00:00,CREDIT,2266.78,USD,CARD_PROCESSOR,Retail business receipt,high_volume_business,BANK-RIO-SUR
TX-0194,CUST-009,CP-012,2026-04-01 18:00:00,DEBIT,561.82,USD,BANK_TRANSFER,Professional expense,baseline_expense,BANK-RIO-SUR
TX-0195,CUST-012,CP-015,2026-04-03 09:00:00,CREDIT,9598.71,USD,BANK_TRANSFER,Investment return,legitimate_high_value,BANK-RIO-SUR
TX-0196,CUST-004,CP-012,2026-04-04 14:00:00,DEBIT,665.11,USD,BANK_TRANSFER,Professional operating expense,baseline_expense,BANK-RIO-SUR
TX-0197,CUST-012,CP-015,2026-04-05 14:00:00,DEBIT,10486.69,USD,BANK_TRANSFER,Investment activity,legitimate_high_value,BANK-RIO-SUR
TX-0198,CUST-011,CP-017,2026-04-05 18:00:00,DEBIT,411.23,USD,CARD,Professional or personal expense,baseline_expense,BANK-RIO-SUR
TX-0199,CUST-008,CP-001,2026-04-05 18:00:00,DEBIT,92.19,USD,CARD,Software and living expenses,baseline_expense,BANK-RIO-SUR
TX-0200,CUST-009,CP-006,2026-04-06 10:00:00,DEBIT,507.06,USD,BANK_TRANSFER,Professional expense,baseline_expense,BANK-RIO-SUR
TX-0201,CUST-012,CP-014,2026-04-06 12:00:00,CREDIT,2900.19,USD,BANK_TRANSFER,Business-related receipt,complex_business,BANK-RIO-SUR
TX-0202,CUST-002,CP-003,2026-04-06 15:00:00,DEBIT,151.93,USD,BANK_TRANSFER,Routine household or professional expense,baseline_expense,BANK-RIO-SUR
TX-0203,CUST-011,CP-017,2026-04-06 16:00:00,CREDIT,1000.27,USD,BANK_TRANSFER,Creative services payment,incomplete_kyc_income,BANK-RIO-SUR
TX-0204,CUST-002,CP-003,2026-04-06 20:00:00,DEBIT,573.44,USD,CARD,Routine household or professional expense,baseline_expense,BANK-RIO-SUR
TX-0205,CUST-009,CP-006,2026-04-06 20:00:00,CREDIT,5881.71,USD,BANK_TRANSFER,Legal services client payment,professional_income,BANK-RIO-SUR
TX-0206,CUST-005,CP-010,2026-04-07 14:00:00,DEBIT,1891.78,USD,INTERNATIONAL_TRANSFER,Supplier payment for imported goods,legitimate_international,BANK-RIO-SUR
TX-0207,CUST-005,CP-010,2026-04-08 13:00:00,DEBIT,2376.05,USD,INTERNATIONAL_TRANSFER,Supplier payment for imported goods,legitimate_international,BANK-RIO-SUR
TX-0208,CUST-007,CP-018,2026-04-08 14:00:00,CREDIT,2082.32,USD,CARD_PROCESSOR,Restaurant customer receipts,business_receipts,BANK-RIO-SUR
TX-0209,CUST-006,CP-007,2026-04-08 15:00:00,DEBIT,317.44,USD,BANK_TRANSFER,Routine household or professional expense,baseline_expense,BANK-RIO-SUR
TX-0210,CUST-011,CP-017,2026-04-08 16:00:00,DEBIT,212.09,USD,CARD,Professional or personal expense,baseline_expense,BANK-RIO-SUR
TX-0211,CUST-004,CP-001,2026-04-08 18:00:00,DEBIT,466.17,USD,BANK_TRANSFER,Professional operating expense,baseline_expense,BANK-RIO-SUR
TX-0212,CUST-007,CP-013,2026-04-09 11:00:00,DEBIT,1173.18,USD,BANK_TRANSFER,Supplier payment,business_expense,BANK-RIO-SUR
TX-0213,CUST-004,CP-012,2026-04-09 17:00:00,DEBIT,464.23,USD,BANK_TRANSFER,Professional operating expense,baseline_expense,BANK-RIO-SUR
TX-0214,CUST-008,CP-008,2026-04-12 08:00:00,DEBIT,92.94,USD,CARD,Software and living expenses,baseline_expense,BANK-RIO-SUR
TX-0215,CUST-010,CP-016,2026-04-13 16:00:00,DEBIT,854.95,USD,BANK_TRANSFER,Retail supplier payment,high_volume_business,BANK-RIO-SUR
TX-0216,CUST-012,CP-015,2026-04-13 19:00:00,CREDIT,3505.96,USD,BANK_TRANSFER,Investment return,legitimate_high_value,BANK-RIO-SUR
TX-0217,CUST-004,CP-009,2026-04-14 16:00:00,CREDIT,21000.0,USD,INTERNATIONAL_TRANSFER,Payment related to consulting project,new_counterparty_high_value,BANK-RIO-SUR
TX-0218,CUST-004,CP-012,2026-04-14 19:00:00,DEBIT,2110.45,USD,BANK_TRANSFER,Operating expense following increased activity,post_alert_activity,BANK-RIO-SUR
TX-0219,CUST-004,CP-009,2026-04-15 13:00:00,CREDIT,18500.0,USD,INTERNATIONAL_TRANSFER,Payment related to consulting project,new_counterparty_high_value,BANK-RIO-SUR
TX-0220,CUST-007,CP-005,2026-04-16 08:00:00,DEBIT,2007.93,USD,BANK_TRANSFER,Supplier payment,business_expense,BANK-RIO-SUR
TX-0221,CUST-009,CP-006,2026-04-16 13:00:00,DEBIT,929.88,USD,BANK_TRANSFER,Professional expense,baseline_expense,BANK-RIO-SUR
TX-0222,CUST-007,CP-013,2026-04-17 13:00:00,DEBIT,1587.46,USD,BANK_TRANSFER,Supplier payment,business_expense,BANK-RIO-SUR
TX-0223,CUST-007,CP-018,2026-04-17 15:00:00,CREDIT,1480.68,USD,CARD_PROCESSOR,Restaurant customer receipts,business_receipts,BANK-RIO-SUR
TX-0224,CUST-009,CP-006,2026-04-17 19:00:00,DEBIT,399.31,USD,BANK_TRANSFER,Professional expense,baseline_expense,BANK-RIO-SUR
TX-0225,CUST-004,CP-001,2026-04-18 18:00:00,DEBIT,2567.32,USD,BANK_TRANSFER,Operating expense following increased activity,post_alert_activity,BANK-RIO-SUR
TX-0226,CUST-001,CP-002,2026-04-19 13:00:00,CREDIT,3586.68,USD,BANK_TRANSFER,Regular professional/employment income,baseline_income,BANK-RIO-SUR
TX-0227,CUST-009,CP-012,2026-04-19 19:00:00,DEBIT,767.78,USD,BANK_TRANSFER,Professional expense,baseline_expense,BANK-RIO-SUR
TX-0228,CUST-009,CP-012,2026-04-20 13:00:00,CREDIT,2342.52,USD,BANK_TRANSFER,Legal services client payment,professional_income,BANK-RIO-SUR
TX-0229,CUST-009,CP-012,2026-04-21 09:00:00,DEBIT,572.9,USD,BANK_TRANSFER,Professional expense,baseline_expense,BANK-RIO-SUR
TX-0230,CUST-005,CP-018,2026-04-21 13:00:00,CREDIT,6898.66,USD,CARD_PROCESSOR,Business customer receipts,business_receipts,BANK-RIO-SUR
TX-0231,CUST-004,CP-009,2026-04-21 20:00:00,CREDIT,22000.0,USD,INTERNATIONAL_TRANSFER,Payment related to consulting project,new_counterparty_high_value,BANK-RIO-SUR
TX-0232,CUST-004,CP-012,2026-04-22 08:00:00,DEBIT,639.25,USD,BANK_TRANSFER,Operating expense following increased activity,post_alert_activity,BANK-RIO-SUR
TX-0233,CUST-004,CP-011,2026-04-22 17:00:00,CREDIT,12000.0,USD,INTERNATIONAL_TRANSFER,Digital services payment,new_counterparty_high_value,BANK-RIO-SUR
TX-0234,CUST-010,CP-016,2026-04-22 17:00:00,DEBIT,501.46,USD,BANK_TRANSFER,Retail supplier payment,high_volume_business,BANK-RIO-SUR
TX-0235,CUST-005,CP-010,2026-04-22 19:00:00,DEBIT,2488.6,USD,INTERNATIONAL_TRANSFER,Supplier payment for imported goods,legitimate_international,BANK-RIO-SUR
TX-0236,CUST-003,CP-004,2026-04-23 16:00:00,DEBIT,529.36,USD,CARD,Routine household or professional expense,baseline_expense,BANK-RIO-SUR
TX-0237,CUST-006,CP-007,2026-04-24 12:00:00,DEBIT,237.2,USD,BANK_TRANSFER,Routine household or professional expense,baseline_expense,BANK-RIO-SUR
TX-0238,CUST-004,CP-001,2026-04-24 18:00:00,DEBIT,950.39,USD,BANK_TRANSFER,Operating expense following increased activity,post_alert_activity,BANK-RIO-SUR
TX-0239,CUST-010,CP-018,2026-04-24 18:00:00,CREDIT,2169.29,USD,CASH_DEPOSIT,Retail business receipt,high_volume_business,BANK-RIO-SUR
TX-0240,CUST-007,CP-013,2026-04-25 16:00:00,DEBIT,1513.98,USD,BANK_TRANSFER,Supplier payment,business_expense,BANK-RIO-SUR
TX-0241,CUST-009,CP-012,2026-04-26 11:00:00,DEBIT,679.63,USD,BANK_TRANSFER,Professional expense,baseline_expense,BANK-RIO-SUR
TX-0242,CUST-005,CP-010,2026-04-26 11:00:00,DEBIT,1822.82,USD,INTERNATIONAL_TRANSFER,Supplier payment for imported goods,legitimate_international,BANK-RIO-SUR
TX-0243,CUST-011,CP-017,2026-04-26 13:00:00,DEBIT,90.56,USD,CARD,Professional or personal expense,baseline_expense,BANK-RIO-SUR
TX-0244,CUST-011,CP-017,2026-04-26 16:00:00,DEBIT,468.93,USD,CARD,Professional or personal expense,baseline_expense,BANK-RIO-SUR
TX-0245,CUST-006,CP-007,2026-04-26 19:00:00,CREDIT,4126.13,USD,BANK_TRANSFER,Regular professional/employment income,baseline_income,BANK-RIO-SUR
TX-0246,CUST-007,CP-013,2026-04-27 08:00:00,DEBIT,1167.99,USD,BANK_TRANSFER,Supplier payment,business_expense,BANK-RIO-SUR
TX-0247,CUST-007,CP-005,2026-04-27 13:00:00,DEBIT,2198.81,USD,BANK_TRANSFER,Supplier payment,business_expense,BANK-RIO-SUR
TX-0248,CUST-009,CP-006,2026-04-27 14:00:00,DEBIT,342.57,USD,BANK_TRANSFER,Professional expense,baseline_expense,BANK-RIO-SUR
TX-0249,CUST-007,CP-018,2026-04-27 16:00:00,CREDIT,1605.28,USD,CARD_PROCESSOR,Restaurant customer receipts,business_receipts,BANK-RIO-SUR
TX-0250,CUST-009,CP-006,2026-04-27 16:00:00,CREDIT,2283.44,USD,BANK_TRANSFER,Legal services client payment,professional_income,BANK-RIO-SUR
TX-0251,CUST-012,CP-015,2026-04-28 08:00:00,DEBIT,5621.51,USD,BANK_TRANSFER,Investment activity,legitimate_high_value,BANK-RIO-SUR
TX-0252,CUST-003,CP-004,2026-04-28 13:00:00,CREDIT,6056.96,USD,BANK_TRANSFER,Regular professional/employment income,baseline_income,BANK-RIO-SUR
TX-0253,CUST-001,CP-002,2026-04-28 16:00:00,DEBIT,350.81,USD,CARD,Routine household or professional expense,baseline_expense,BANK-RIO-SUR
TX-0254,CUST-003,CP-004,2026-04-28 17:00:00,DEBIT,273.35,USD,CARD,Routine household or professional expense,baseline_expense,BANK-RIO-SUR
TX-0255,CUST-007,CP-013,2026-04-29 09:00:00,DEBIT,1392.14,USD,BANK_TRANSFER,Supplier payment,business_expense,BANK-RIO-SUR
TX-0256,CUST-005,CP-018,2026-04-29 17:00:00,CREDIT,5481.7,USD,CARD_PROCESSOR,Business customer receipts,business_receipts,BANK-RIO-SUR
TX-0257,CUST-010,CP-016,2026-04-29 20:00:00,DEBIT,1835.71,USD,BANK_TRANSFER,Retail supplier payment,high_volume_business,BANK-RIO-SUR
TX-0258,CUST-011,CP-017,2026-04-29 20:00:00,CREDIT,826.11,USD,BANK_TRANSFER,Creative services payment,incomplete_kyc_income,BANK-RIO-SUR
TX-0259,CUST-004,CP-011,2026-04-30 15:00:00,CREDIT,9500.0,USD,INTERNATIONAL_TRANSFER,Digital services payment,new_counterparty_high_value,BANK-RIO-SUR
TX-0260,CUST-012,CP-014,2026-05-01 08:00:00,CREDIT,9458.59,USD,BANK_TRANSFER,Business-related receipt,complex_business,BANK-RIO-SUR
TX-0261,CUST-011,CP-017,2026-05-01 11:00:00,DEBIT,441.91,USD,CARD,Professional or personal expense,baseline_expense,BANK-RIO-SUR
TX-0262,CUST-007,CP-013,2026-05-01 11:00:00,DEBIT,341.69,USD,BANK_TRANSFER,Supplier payment,business_expense,BANK-RIO-SUR
TX-0263,CUST-007,CP-013,2026-05-02 19:00:00,DEBIT,821.51,USD,BANK_TRANSFER,Supplier payment,business_expense,BANK-RIO-SUR
TX-0264,CUST-004,CP-012,2026-05-02 20:00:00,DEBIT,1117.11,USD,BANK_TRANSFER,Operating expense following increased activity,post_alert_activity,BANK-RIO-SUR
TX-0265,CUST-007,CP-018,2026-05-04 13:00:00,CREDIT,4487.26,USD,CARD_PROCESSOR,Restaurant customer receipts,business_receipts,BANK-RIO-SUR
TX-0266,CUST-005,CP-010,2026-05-04 15:00:00,DEBIT,2363.57,USD,INTERNATIONAL_TRANSFER,Supplier payment for imported goods,legitimate_international,BANK-RIO-SUR
TX-0267,CUST-002,CP-003,2026-05-05 09:00:00,DEBIT,532.89,USD,CARD,Routine household or professional expense,baseline_expense,BANK-RIO-SUR
TX-0268,CUST-005,CP-010,2026-05-05 11:00:00,DEBIT,3954.15,USD,INTERNATIONAL_TRANSFER,Supplier payment for imported goods,legitimate_international,BANK-RIO-SUR
TX-0269,CUST-002,CP-003,2026-05-06 08:00:00,DEBIT,437.81,USD,CARD,Routine household or professional expense,baseline_expense,BANK-RIO-SUR
TX-0270,CUST-005,CP-018,2026-05-06 09:00:00,CREDIT,5116.92,USD,CARD_PROCESSOR,Business customer receipts,business_receipts,BANK-RIO-SUR
TX-0271,CUST-007,CP-005,2026-05-06 10:00:00,DEBIT,2030.17,USD,BANK_TRANSFER,Supplier payment,business_expense,BANK-RIO-SUR
TX-0272,CUST-007,CP-013,2026-05-07 08:00:00,DEBIT,1882.39,USD,BANK_TRANSFER,Supplier payment,business_expense,BANK-RIO-SUR
TX-0273,CUST-007,CP-005,2026-05-08 19:00:00,DEBIT,1453.42,USD,BANK_TRANSFER,Supplier payment,business_expense,BANK-RIO-SUR
TX-0274,CUST-011,CP-017,2026-05-09 13:00:00,DEBIT,464.45,USD,CARD,Professional or personal expense,baseline_expense,BANK-RIO-SUR
TX-0275,CUST-002,CP-003,2026-05-09 20:00:00,CREDIT,5643.42,USD,BANK_TRANSFER,Regular professional/employment income,baseline_income,BANK-RIO-SUR
TX-0276,CUST-010,CP-016,2026-05-10 09:00:00,DEBIT,1509.75,USD,BANK_TRANSFER,Retail supplier payment,high_volume_business,BANK-RIO-SUR
TX-0277,CUST-007,CP-018,2026-05-10 12:00:00,CREDIT,2032.22,USD,CARD_PROCESSOR,Restaurant customer receipts,business_receipts,BANK-RIO-SUR
TX-0278,CUST-012,CP-015,2026-05-10 16:00:00,CREDIT,9565.0,USD,BANK_TRANSFER,Investment return,legitimate_high_value,BANK-RIO-SUR
TX-0279,CUST-002,CP-003,2026-05-10 17:00:00,DEBIT,141.45,USD,BANK_TRANSFER,Routine household or professional expense,baseline_expense,BANK-RIO-SUR
TX-0280,CUST-012,CP-015,2026-05-10 20:00:00,DEBIT,6439.39,USD,BANK_TRANSFER,Investment activity,legitimate_high_value,BANK-RIO-SUR
TX-0281,CUST-004,CP-012,2026-05-11 09:00:00,DEBIT,2180.02,USD,BANK_TRANSFER,Operating expense following increased activity,post_alert_activity,BANK-RIO-SUR
TX-0282,CUST-010,CP-018,2026-05-11 11:00:00,CREDIT,2984.8,USD,CARD_PROCESSOR,Retail business receipt,high_volume_business,BANK-RIO-SUR
TX-0283,CUST-010,CP-016,2026-05-11 18:00:00,DEBIT,852.29,USD,BANK_TRANSFER,Retail supplier payment,high_volume_business,BANK-RIO-SUR
TX-0284,CUST-007,CP-013,2026-05-11 19:00:00,DEBIT,1587.75,USD,BANK_TRANSFER,Supplier payment,business_expense,BANK-RIO-SUR
TX-0285,CUST-012,CP-014,2026-05-12 14:00:00,CREDIT,9100.1,USD,BANK_TRANSFER,Business-related receipt,complex_business,BANK-RIO-SUR
TX-0286,CUST-004,CP-012,2026-05-12 18:00:00,DEBIT,2387.28,USD,BANK_TRANSFER,Operating expense following increased activity,post_alert_activity,BANK-RIO-SUR
TX-0287,CUST-011,CP-017,2026-05-13 09:00:00,DEBIT,519.87,USD,CARD,Professional or personal expense,baseline_expense,BANK-RIO-SUR
TX-0288,CUST-002,CP-003,2026-05-13 15:00:00,DEBIT,170.39,USD,BANK_TRANSFER,Routine household or professional expense,baseline_expense,BANK-RIO-SUR
TX-0289,CUST-005,CP-010,2026-05-14 18:00:00,DEBIT,1384.75,USD,INTERNATIONAL_TRANSFER,Supplier payment for imported goods,legitimate_international,BANK-RIO-SUR
TX-0290,CUST-004,CP-001,2026-05-14 20:00:00,DEBIT,2172.56,USD,BANK_TRANSFER,Operating expense following increased activity,post_alert_activity,BANK-RIO-SUR
TX-0291,CUST-012,CP-015,2026-05-15 16:00:00,CREDIT,4883.29,USD,BANK_TRANSFER,Investment return,legitimate_high_value,BANK-RIO-SUR
TX-0292,CUST-002,CP-003,2026-05-16 08:00:00,DEBIT,140.43,USD,CARD,Routine household or professional expense,baseline_expense,BANK-RIO-SUR
TX-0293,CUST-009,CP-006,2026-05-16 12:00:00,DEBIT,940.58,USD,BANK_TRANSFER,Professional expense,baseline_expense,BANK-RIO-SUR
TX-0294,CUST-011,CP-017,2026-05-16 14:00:00,CREDIT,2145.26,USD,BANK_TRANSFER,Creative services payment,incomplete_kyc_income,BANK-RIO-SUR
TX-0295,CUST-005,CP-010,2026-05-17 14:00:00,DEBIT,4072.17,USD,INTERNATIONAL_TRANSFER,Supplier payment for imported goods,legitimate_international,BANK-RIO-SUR
TX-0296,CUST-002,CP-003,2026-05-17 20:00:00,DEBIT,201.77,USD,BANK_TRANSFER,Routine household or professional expense,baseline_expense,BANK-RIO-SUR
TX-0297,CUST-004,CP-012,2026-05-18 18:00:00,DEBIT,860.56,USD,BANK_TRANSFER,Operating expense following increased activity,post_alert_activity,BANK-RIO-SUR
TX-0298,CUST-005,CP-018,2026-05-18 20:00:00,CREDIT,4289.31,USD,CARD_PROCESSOR,Business customer receipts,business_receipts,BANK-RIO-SUR
TX-0299,CUST-001,CP-002,2026-05-20 09:00:00,DEBIT,565.27,USD,CARD,Routine household or professional expense,baseline_expense,BANK-RIO-SUR
TX-0300,CUST-012,CP-015,2026-05-20 13:00:00,DEBIT,4496.12,USD,BANK_TRANSFER,Investment activity,legitimate_high_value,BANK-RIO-SUR
TX-0301,CUST-001,CP-002,2026-05-20 14:00:00,DEBIT,523.17,USD,BANK_TRANSFER,Routine household or professional expense,baseline_expense,BANK-RIO-SUR
TX-0302,CUST-007,CP-005,2026-05-20 14:00:00,DEBIT,1493.67,USD,BANK_TRANSFER,Supplier payment,business_expense,BANK-RIO-SUR
TX-0303,CUST-012,CP-014,2026-05-20 15:00:00,CREDIT,2798.0,USD,BANK_TRANSFER,Business-related receipt,complex_business,BANK-RIO-SUR
TX-0304,CUST-002,CP-003,2026-05-21 10:00:00,DEBIT,298.03,USD,BANK_TRANSFER,Routine household or professional expense,baseline_expense,BANK-RIO-SUR
TX-0305,CUST-003,CP-004,2026-05-22 12:00:00,DEBIT,175.68,USD,BANK_TRANSFER,Routine household or professional expense,baseline_expense,BANK-RIO-SUR
TX-0306,CUST-009,CP-012,2026-05-22 19:00:00,DEBIT,231.98,USD,BANK_TRANSFER,Professional expense,baseline_expense,BANK-RIO-SUR
TX-0307,CUST-008,CP-001,2026-05-23 13:00:00,DEBIT,183.94,USD,CARD,Software and living expenses,baseline_expense,BANK-RIO-SUR
TX-0308,CUST-001,CP-002,2026-05-24 11:00:00,DEBIT,274.71,USD,BANK_TRANSFER,Routine household or professional expense,baseline_expense,BANK-RIO-SUR
TX-0309,CUST-008,CP-001,2026-05-24 13:00:00,CREDIT,4106.36,USD,INTERNATIONAL_TRANSFER,Software development client payment,variable_income,BANK-RIO-SUR
TX-0310,CUST-009,CP-012,2026-05-24 16:00:00,DEBIT,293.26,USD,BANK_TRANSFER,Professional expense,baseline_expense,BANK-RIO-SUR
TX-0311,CUST-003,CP-004,2026-05-25 09:00:00,DEBIT,226.17,USD,CARD,Routine household or professional expense,baseline_expense,BANK-RIO-SUR
TX-0312,CUST-003,CP-004,2026-05-25 16:00:00,DEBIT,54.44,USD,CARD,Routine household or professional expense,baseline_expense,BANK-RIO-SUR
TX-0313,CUST-010,CP-016,2026-05-25 20:00:00,DEBIT,916.38,USD,BANK_TRANSFER,Retail supplier payment,high_volume_business,BANK-RIO-SUR
TX-0314,CUST-005,CP-010,2026-05-25 20:00:00,DEBIT,1850.87,USD,INTERNATIONAL_TRANSFER,Supplier payment for imported goods,legitimate_international,BANK-RIO-SUR
TX-0315,CUST-002,CP-003,2026-05-26 09:00:00,CREDIT,4877.49,USD,BANK_TRANSFER,Regular professional/employment income,baseline_income,BANK-RIO-SUR
TX-0316,CUST-004,CP-001,2026-05-26 12:00:00,DEBIT,2185.58,USD,BANK_TRANSFER,Operating expense following increased activity,post_alert_activity,BANK-RIO-SUR
TX-0317,CUST-011,CP-017,2026-05-27 15:00:00,DEBIT,213.96,USD,CARD,Professional or personal expense,baseline_expense,BANK-RIO-SUR
TX-0318,CUST-005,CP-010,2026-05-28 18:00:00,DEBIT,2239.13,USD,INTERNATIONAL_TRANSFER,Supplier payment for imported goods,legitimate_international,BANK-RIO-SUR
TX-0319,CUST-010,CP-018,2026-05-29 15:00:00,CREDIT,1687.22,USD,CARD_PROCESSOR,Retail business receipt,high_volume_business,BANK-RIO-SUR
TX-0320,CUST-004,CP-001,2026-05-29 17:00:00,DEBIT,2398.07,USD,BANK_TRANSFER,Operating expense following increased activity,post_alert_activity,BANK-RIO-SUR
TX-0321,CUST-003,CP-004,2026-05-29 17:00:00,DEBIT,240.24,USD,CARD,Routine household or professional expense,baseline_expense,BANK-RIO-SUR
TX-0322,CUST-007,CP-005,2026-05-29 18:00:00,DEBIT,886.97,USD,BANK_TRANSFER,Supplier payment,business_expense,BANK-RIO-SUR
TX-0323,CUST-012,CP-015,2026-05-29 19:00:00,CREDIT,5741.87,USD,BANK_TRANSFER,Investment return,legitimate_high_value,BANK-RIO-SUR
TX-0324,CUST-008,CP-008,2026-05-30 14:00:00,DEBIT,717.97,USD,CARD,Software and living expenses,baseline_expense,BANK-RIO-SUR
TX-0325,CUST-001,CP-002,2026-05-31 12:00:00,DEBIT,632.36,USD,CARD,Routine household or professional expense,baseline_expense,BANK-RIO-SUR
TX-0326,CUST-006,CP-007,2026-05-31 14:00:00,DEBIT,292.08,USD,CARD,Routine household or professional expense,baseline_expense,BANK-RIO-SUR
TX-0327,CUST-005,CP-018,2026-06-01 12:00:00,CREDIT,2393.25,USD,CARD_PROCESSOR,Business customer receipts,business_receipts,BANK-RIO-SUR
TX-0328,CUST-007,CP-018,2026-06-01 13:00:00,CREDIT,2716.87,USD,CARD_PROCESSOR,Seasonal restaurant receipts,seasonal_business,BANK-RIO-SUR
TX-0329,CUST-001,CP-002,2026-06-01 14:00:00,CREDIT,3938.1,USD,BANK_TRANSFER,Regular professional/employment income,baseline_income,BANK-RIO-SUR
TX-0330,CUST-005,CP-010,2026-06-01 19:00:00,DEBIT,3084.03,USD,INTERNATIONAL_TRANSFER,Supplier payment for imported goods,legitimate_international,BANK-RIO-SUR
TX-0331,CUST-006,CP-007,2026-06-02 15:00:00,DEBIT,419.81,USD,BANK_TRANSFER,Routine household or professional expense,baseline_expense,BANK-RIO-SUR
TX-0332,CUST-009,CP-006,2026-06-03 12:00:00,CREDIT,3851.39,USD,BANK_TRANSFER,Legal services client payment,professional_income,BANK-RIO-SUR
TX-0333,CUST-002,CP-003,2026-06-03 13:00:00,DEBIT,630.91,USD,CARD,Routine household or professional expense,baseline_expense,BANK-RIO-SUR
TX-0334,CUST-005,CP-010,2026-06-03 20:00:00,DEBIT,4089.02,USD,INTERNATIONAL_TRANSFER,Supplier payment for imported goods,legitimate_international,BANK-RIO-SUR
TX-0335,CUST-001,CP-002,2026-06-04 08:00:00,DEBIT,508.85,USD,BANK_TRANSFER,Routine household or professional expense,baseline_expense,BANK-RIO-SUR
TX-0336,CUST-010,CP-016,2026-06-04 10:00:00,DEBIT,400.47,USD,BANK_TRANSFER,Retail supplier payment,high_volume_business,BANK-RIO-SUR
TX-0337,CUST-011,CP-017,2026-06-04 10:00:00,DEBIT,179.88,USD,CARD,Professional or personal expense,baseline_expense,BANK-RIO-SUR
TX-0338,CUST-009,CP-006,2026-06-04 14:00:00,DEBIT,536.78,USD,BANK_TRANSFER,Professional expense,baseline_expense,BANK-RIO-SUR
TX-0339,CUST-002,CP-003,2026-06-05 14:00:00,DEBIT,74.87,USD,BANK_TRANSFER,Routine household or professional expense,baseline_expense,BANK-RIO-SUR
TX-0340,CUST-008,CP-008,2026-06-06 11:00:00,DEBIT,493.15,USD,CARD,Software and living expenses,baseline_expense,BANK-RIO-SUR
TX-0341,CUST-005,CP-018,2026-06-06 18:00:00,CREDIT,2588.98,USD,CARD_PROCESSOR,Business customer receipts,business_receipts,BANK-RIO-SUR
TX-0342,CUST-006,CP-007,2026-06-06 19:00:00,DEBIT,503.59,USD,CARD,Routine household or professional expense,baseline_expense,BANK-RIO-SUR
TX-0343,CUST-003,CP-004,2026-06-06 20:00:00,CREDIT,6306.49,USD,BANK_TRANSFER,Regular professional/employment income,baseline_income,BANK-RIO-SUR
TX-0344,CUST-004,CP-001,2026-06-06 20:00:00,DEBIT,615.55,USD,BANK_TRANSFER,Operating expense following increased activity,post_alert_activity,BANK-RIO-SUR
TX-0345,CUST-006,CP-007,2026-06-08 08:00:00,DEBIT,375.02,USD,BANK_TRANSFER,Routine household or professional expense,baseline_expense,BANK-RIO-SUR
TX-0346,CUST-010,CP-016,2026-06-08 15:00:00,DEBIT,1239.99,USD,BANK_TRANSFER,Retail supplier payment,high_volume_business,BANK-RIO-SUR
TX-0347,CUST-010,CP-018,2026-06-09 13:00:00,CREDIT,3613.91,USD,CARD_PROCESSOR,Retail business receipt,high_volume_business,BANK-RIO-SUR
TX-0348,CUST-005,CP-010,2026-06-10 11:00:00,DEBIT,1285.53,USD,INTERNATIONAL_TRANSFER,Supplier payment for imported goods,legitimate_international,BANK-RIO-SUR
TX-0349,CUST-010,CP-016,2026-06-10 13:00:00,DEBIT,550.79,USD,BANK_TRANSFER,Retail supplier payment,high_volume_business,BANK-RIO-SUR
TX-0350,CUST-010,CP-016,2026-06-10 15:00:00,DEBIT,1871.12,USD,BANK_TRANSFER,Retail supplier payment,high_volume_business,BANK-RIO-SUR
TX-0351,CUST-006,CP-007,2026-06-10 17:00:00,DEBIT,577.32,USD,BANK_TRANSFER,Routine household or professional expense,baseline_expense,BANK-RIO-SUR
TX-0352,CUST-012,CP-015,2026-06-11 10:00:00,DEBIT,11135.43,USD,BANK_TRANSFER,Investment activity,legitimate_high_value,BANK-RIO-SUR
TX-0353,CUST-012,CP-014,2026-06-12 14:00:00,CREDIT,5510.43,USD,BANK_TRANSFER,Business-related receipt,complex_business,BANK-RIO-SUR
TX-0354,CUST-005,CP-010,2026-06-12 15:00:00,DEBIT,1475.17,USD,INTERNATIONAL_TRANSFER,Supplier payment for imported goods,legitimate_international,BANK-RIO-SUR
TX-0355,CUST-008,CP-008,2026-06-12 15:00:00,DEBIT,455.59,USD,CARD,Software and living expenses,baseline_expense,BANK-RIO-SUR
TX-0356,CUST-004,CP-001,2026-06-12 17:00:00,DEBIT,1462.58,USD,BANK_TRANSFER,Operating expense following increased activity,post_alert_activity,BANK-RIO-SUR
TX-0357,CUST-001,CP-002,2026-06-13 09:00:00,DEBIT,219.04,USD,CARD,Routine household or professional expense,baseline_expense,BANK-RIO-SUR
TX-0358,CUST-008,CP-001,2026-06-13 13:00:00,CREDIT,5193.92,USD,INTERNATIONAL_TRANSFER,Software development client payment,variable_income,BANK-RIO-SUR
TX-0359,CUST-012,CP-015,2026-06-14 10:00:00,CREDIT,7484.32,USD,BANK_TRANSFER,Investment return,legitimate_high_value,BANK-RIO-SUR
TX-0360,CUST-011,CP-017,2026-06-14 15:00:00,DEBIT,395.03,USD,CARD,Professional or personal expense,baseline_expense,BANK-RIO-SUR
TX-0361,CUST-010,CP-018,2026-06-14 18:00:00,CREDIT,3856.85,USD,CARD_PROCESSOR,Retail business receipt,high_volume_business,BANK-RIO-SUR
TX-0362,CUST-008,CP-008,2026-06-15 09:00:00,DEBIT,642.6,USD,CARD,Software and living expenses,baseline_expense,BANK-RIO-SUR
TX-0363,CUST-010,CP-016,2026-06-15 10:00:00,DEBIT,960.38,USD,BANK_TRANSFER,Retail supplier payment,high_volume_business,BANK-RIO-SUR
TX-0364,CUST-007,CP-005,2026-06-15 10:00:00,DEBIT,471.25,USD,BANK_TRANSFER,Supplier payment,business_expense,BANK-RIO-SUR
TX-0365,CUST-012,CP-015,2026-06-15 11:00:00,DEBIT,11963.65,USD,BANK_TRANSFER,Investment activity,legitimate_high_value,BANK-RIO-SUR
TX-0366,CUST-003,CP-004,2026-06-15 12:00:00,DEBIT,454.51,USD,BANK_TRANSFER,Routine household or professional expense,baseline_expense,BANK-RIO-SUR
TX-0367,CUST-005,CP-018,2026-06-15 13:00:00,CREDIT,4952.85,USD,CARD_PROCESSOR,Business customer receipts,business_receipts,BANK-RIO-SUR
TX-0368,CUST-007,CP-013,2026-06-16 10:00:00,DEBIT,1720.21,USD,BANK_TRANSFER,Supplier payment,business_expense,BANK-RIO-SUR
TX-0369,CUST-008,CP-008,2026-06-16 14:00:00,DEBIT,140.26,USD,CARD,Software and living expenses,baseline_expense,BANK-RIO-SUR
TX-0370,CUST-001,CP-002,2026-06-16 19:00:00,DEBIT,41.98,USD,BANK_TRANSFER,Routine household or professional expense,baseline_expense,BANK-RIO-SUR
TX-0371,CUST-010,CP-016,2026-06-17 09:00:00,DEBIT,2140.7,USD,BANK_TRANSFER,Retail supplier payment,high_volume_business,BANK-RIO-SUR
TX-0372,CUST-007,CP-005,2026-06-17 10:00:00,DEBIT,551.1,USD,BANK_TRANSFER,Supplier payment,business_expense,BANK-RIO-SUR
TX-0373,CUST-004,CP-012,2026-06-17 13:00:00,DEBIT,719.47,USD,BANK_TRANSFER,Operating expense following increased activity,post_alert_activity,BANK-RIO-SUR
TX-0374,CUST-003,CP-004,2026-06-17 16:00:00,DEBIT,110.36,USD,BANK_TRANSFER,Routine household or professional expense,baseline_expense,BANK-RIO-SUR
TX-0375,CUST-009,CP-012,2026-06-17 18:00:00,DEBIT,120.62,USD,BANK_TRANSFER,Professional expense,baseline_expense,BANK-RIO-SUR
TX-0376,CUST-002,CP-003,2026-06-18 15:00:00,DEBIT,74.7,USD,CARD,Routine household or professional expense,baseline_expense,BANK-RIO-SUR
TX-0377,CUST-003,CP-004,2026-06-18 17:00:00,DEBIT,394.16,USD,BANK_TRANSFER,Routine household or professional expense,baseline_expense,BANK-RIO-SUR
TX-0378,CUST-012,CP-014,2026-06-18 18:00:00,CREDIT,10480.78,USD,BANK_TRANSFER,Business-related receipt,complex_business,BANK-RIO-SUR
TX-0379,CUST-003,CP-004,2026-06-19 09:00:00,DEBIT,106.13,USD,BANK_TRANSFER,Routine household or professional expense,baseline_expense,BANK-RIO-SUR
TX-0380,CUST-006,CP-007,2026-06-19 09:00:00,CREDIT,3623.1,USD,BANK_TRANSFER,Regular professional/employment income,baseline_income,BANK-RIO-SUR
TX-0381,CUST-005,CP-010,2026-06-19 13:00:00,DEBIT,5221.45,USD,INTERNATIONAL_TRANSFER,Supplier payment for imported goods,legitimate_international,BANK-RIO-SUR
TX-0382,CUST-006,CP-007,2026-06-19 20:00:00,DEBIT,472.97,USD,BANK_TRANSFER,Routine household or professional expense,baseline_expense,BANK-RIO-SUR
TX-0383,CUST-007,CP-018,2026-06-19 20:00:00,CREDIT,8196.99,USD,CARD_PROCESSOR,Seasonal restaurant receipts,seasonal_business,BANK-RIO-SUR
TX-0384,CUST-009,CP-012,2026-06-20 12:00:00,DEBIT,733.34,USD,BANK_TRANSFER,Professional expense,baseline_expense,BANK-RIO-SUR
TX-0385,CUST-004,CP-001,2026-06-21 11:00:00,DEBIT,2711.8,USD,BANK_TRANSFER,Operating expense following increased activity,post_alert_activity,BANK-RIO-SUR
TX-0386,CUST-002,CP-003,2026-06-21 18:00:00,DEBIT,81.8,USD,CARD,Routine household or professional expense,baseline_expense,BANK-RIO-SUR
TX-0387,CUST-008,CP-008,2026-06-22 12:00:00,DEBIT,578.8,USD,CARD,Software and living expenses,baseline_expense,BANK-RIO-SUR
TX-0388,CUST-008,CP-001,2026-06-22 14:00:00,CREDIT,2082.57,USD,INTERNATIONAL_TRANSFER,Software development client payment,variable_income,BANK-RIO-SUR
TX-0389,CUST-010,CP-018,2026-06-24 17:00:00,CREDIT,3984.8,USD,CASH_DEPOSIT,Retail business receipt,high_volume_business,BANK-RIO-SUR
TX-0390,CUST-012,CP-015,2026-06-25 15:00:00,CREDIT,3201.52,USD,BANK_TRANSFER,Investment return,legitimate_high_value,BANK-RIO-SUR
TX-0391,CUST-009,CP-012,2026-06-25 15:00:00,CREDIT,2734.43,USD,BANK_TRANSFER,Legal services client payment,professional_income,BANK-RIO-SUR
TX-0392,CUST-002,CP-003,2026-06-26 11:00:00,DEBIT,286.3,USD,CARD,Routine household or professional expense,baseline_expense,BANK-RIO-SUR
TX-0393,CUST-010,CP-016,2026-06-26 13:00:00,DEBIT,1291.32,USD,BANK_TRANSFER,Retail supplier payment,high_volume_business,BANK-RIO-SUR
TX-0394,CUST-012,CP-015,2026-06-28 15:00:00,DEBIT,10528.26,USD,BANK_TRANSFER,Investment activity,legitimate_high_value,BANK-RIO-SUR
TX-0395,CUST-009,CP-006,2026-06-29 09:00:00,DEBIT,1162.82,USD,BANK_TRANSFER,Professional expense,baseline_expense,BANK-RIO-SUR
TX-0396,CUST-008,CP-008,2026-06-29 12:00:00,DEBIT,895.59,USD,CARD,Software and living expenses,baseline_expense,BANK-RIO-SUR
TX-0397,CUST-006,CP-007,2026-06-29 15:00:00,DEBIT,376.87,USD,CARD,Routine household or professional expense,baseline_expense,BANK-RIO-SUR
TX-0398,CUST-007,CP-013,2026-06-30 12:00:00,DEBIT,1877.9,USD,BANK_TRANSFER,Supplier payment,business_expense,BANK-RIO-SUR
TX-0399,CUST-003,CP-004,2026-06-30 12:00:00,DEBIT,484.41,USD,BANK_TRANSFER,Routine household or professional expense,baseline_expense,BANK-RIO-SUR
TX-0400,CUST-006,CP-007,2026-06-30 12:00:00,DEBIT,645.28,USD,CARD,Routine household or professional expense,baseline_expense,BANK-RIO-SUR
